{
  "header": {
    "stamp": {
      "sec": 1760555346,
      "nanosec": 558443115
    },
    "frame_id": "camera_depth_optical_frame"
  },
  "height": 480,
  "width": 640,
  "distortion_model": "plumb_bob",
  "D": [
    0.0,
    0.0,
    0.0,
    0.0,
    0.0
  ],
  "K": [
    392.3966979980469,
    0.0,
    320.1190490722656,
    0.0,
    392.3966979980469,
    243.73056030273438,
    0.0,
    0.0,
    1.0
  ],
  "R": [
    1.0,
    0.0,
    0.0,
    0.0,
    1.0,
    0.0,
    0.0,
    0.0,
    1.0
  ],
  "P": [
    392.3966979980469,
    0.0,
    320.1190490722656,
    0.0,
    0.0,
    392.3966979980469,
    243.73056030273438,
    0.0,
    0.0,
    0.0,
    1.0,
    0.0
  ],
  "binning_x": 0,
  "binning_y": 0,
  "roi": {
    "x_offset": 0,
    "y_offset": 0,
    "height": 0,
    "width": 0,
    "do_rectify": false
  }
}